{
  "layout": "layout_b",
  "engine_mode": "mode_a",
  "num_prompts": 8,
  "prompt_char_count": 183,
  "timed_iters": 1,
  "mean_latency_sec": 7.31416665087454,
  "median_latency_sec": 7.31416665087454,
  "p95_latency_sec": 7.31416665087454,
  "total_output_tokens_per_iter": 1024,
  "output_tokens_per_sec": 140.00228623620333
}
